file_name,best_fitness,best_fitnesss_mean,best_fitness_std,best_fitness_times_mean,best_fitness_times_std,summed_fitness_mean,summed_fitness_std,cells_filled_mean,cells_filled_std
exp01_stats,91.4633416586127,51.515247562996294,11.969150077711468,57138.3,28499.303474120206,1.0,0.0,-1.0,0.0
exp02_stats,86.08339408232263,63.4534184418107,8.24100919811365,,,1.0,0.0,-1.0,0.0
exp03_stats,77.6284440013668,59.24351854082611,6.442639387904957,,,1.0,0.0,-1.0,0.0
exp04_stats,65.18348257010575,48.732929113593045,7.444481740580953,46868.9,29209.39695183726,1.0,0.0,-1.0,0.0
exp05_stats,71.40372409071315,49.20203825371058,11.9943759339652,45000.15,27429.967525090146,1.0,0.0,-1.0,0.0
exp06_stats,66.25008648872836,49.75493669230572,7.0667435561981256,43737.3,31012.392711785396,-44.24579696581297,6.308156329069851,102.1,1.972308292331602
exp07_stats,99.55643635149278,53.23747677969224,14.358155711629795,51029.75,30625.251481212363,-55.408522847450136,0.3079315398284855,2500.0,0.0
exp08_stats,60.494628456135445,48.27348605674193,9.03340246669364,46982.5,27123.005252921368,-128.53944458586173,1.9649008875613452,113.3,1.307669683062202
exp09_stats,59.89168832757349,47.150499848720116,7.131980527086474,55977.55,26084.924125776175,-26.321143918478857,7.761392861073719,38.0,1.140175425099138
